关键词,出现次数
ago,206
游戏,173
...,117
days,93
hours,92
下载,91
玩家,58
找到,54
and,52
版本,50
能够,46
is,40
最新,38
game,37
提供,35
官方,34
TapTap,34
这里,34
类型,31
可以,31
喜欢,28
个人主页,27
11,27
on,26
最全,25
Games,25
相同,24
2024,24
加入,24
来到,23
保证,23
内容,23
一位,23
栏目,23
GameFAQs,20
IGN,20
攻略,20
评分,19
发布,18
News,18
with,18
平台,18
感兴趣,17
The,17
潜行者,16
手游,16
用户,15
19,15
官方论坛,15
23,15
购买,14
games,14
模拟,14
20,14
标签,14
you,13
22,12
minutes,12
13,12
de,12
has,12
软件,12
Profile,12
玩过,12
ID,12
24,11
Reviews,11
GameSpot,11
最新版,11
video,11
news,10
角色扮演,10
3DM,10
Game,10
切尔诺贝利,10
reviews,10
MOD,10
单机游戏,10
PC,10
社区,10
that,10
简体中文,10
安装版,10
will,9
时长,9
一款,9
分享,9
Hello,9
之心,9
成就,9
完整,9
Gamer,9
社区论坛,9
细致,9
精彩,9
繁多,9
视频,9
火爆,9
体验,9
伙伴,9
